iter	RMSE
0	0.4193164299
1	0.2898837848
2	0.2366457874
3	0.2105299744
4	0.1987652228
5	0.1910063439
6	0.1866790279
7	0.1808369076
8	0.176095573
